path,phonemes
hakim.wav,hâkim h aː c i m
kaba.wav,kabâ k a b a
kisioglu.wav,kişioğlu c i ʃ i oː ɫ u
esk.wav,eşk e ʃ k
hafif.wav,hafif h a f i f
vira.wav,vira v i ɾ a
huruf.wav,huruf h u ɾ uː f
farimak.wav,farımak f a ɾ ɯ m a k
sarj.wav,şarj ʃ a ɾ ʒ
harika.wav,harika h aː ɾ i k a
sark.wav,şark ʃ a ɾ k
mulkiye.wav,mülkiye m y ɫ c i j e
himaye.wav,himaye h i m aː j e
karafa.wav,karafa k a ɾ a f a
vakfe.wav,vakfe v a k f e
gurup.wav,gurup ɡ u ɾ uː p
fuhus.wav,fuhuş f u h u ʃ
koyak.wav,koyak k o j a k
biperva.wav,biperva b iː p ɛ ɾ v aː
meyve.wav,meyve m e j v e
parlak.wav,parlak p a ɾ ɫ a k
rakam.wav,rakam ɾ a k a m
muserref.wav,müşerref m y ʃ e ɾ ɾ e f
ampirik.wav,ampirik a m p i ɾ i k
behimi.wav,behimi b e h iː m iː
hukuk.wav,hukuk h u k uː k
agabey.wav,ağabey aː b e j
kumar.wav,kumar k u m a ɾ
govermek.wav,gövermek ɡ œ v ɛ ɾ m e k
bihaber.wav,bihaber b iː h a b ɛ ɾ
ibik.wav,ibik i b i k
baki.wav,bâkî b aː c i
garbi.wav,garbi ɡ a ɾ b iː
ikramiye.wav,ikramiye i k ɾ aː m i j e
sehriyar.wav,şehriyar ʃ e h ɾ i j aː ɾ
korelmek.wav,körelmek c œ ɾ ɛ ɫ m e k
eskiya.wav,eşkıya e ʃ k ɯ j aː
peyke.wav,peyke p e j c e
evvelki.wav,evvelki e v v ɛ ɫ c i
kubbe.wav,kubbe k u b b e
muheyya.wav,müheyya m y h e j j aː
pis.wav,piş p iː ʃ
serare.wav,şerare ʃ e ɾ aː ɾ e
pir.wav,pir p iː ɾ
yave.wav,yave j aː v e
faras.wav,faraş f a ɾ a ʃ
revak.wav,revak ɾ e v aː k
hemsehri.wav,hemşehri h e m ʃ e h ɾ i
fukara.wav,fukara f u k a ɾ aː
imha.wav,imha i m h aː
balo.wav,balo b a ɫ o
uvey.wav,üvey y v e j
avare.wav,avare aː v aː ɾ e
va.wav,va v aː h a j f aː
im.wav,im i m
hurra.wav,hurra h u ɾ ɾ aː
ehibba.wav,ehibba e h i b b aː
kargir.wav,kârgir c aː ɾ ɡ i ɾ
yahsi.wav,yahşi j a h ʃ iː
hasiye.wav,haşiye h aː ʃ i j e
kargis.wav,kargış k a ɾ ɡ ɯ ʃ
ilmik.wav,ilmik i ɫ m i k
rebiyulahir.wav,rebiyülahir ɾ ɛ b iː j y ɫ aː h i ɾ
habip.wav,habip h a b iː p
ham.wav,ham h a m
ruh.wav,ruh ɾ u h
sar.wav,şar ʃ aː ɾ
ikrah.wav,ikrah i k ɾ a h
ifsa.wav,ifşa i f ʃ aː
layik.wav,layık ɫ aː j ɯ k
brosur.wav,broşür b ɾ o ʃ y ɾ
sua.wav,şua ʃ u aː
savkima.wav,şavkıma ʃ a v k ɯ m a
baba.wav,baba b a b a
kameriye.wav,kameriye k a m e ɾ i j e
makam.wav,makam m a k a m
mihrak.wav,mihrak m i h ɾ aː k
ibre.wav,ibre i b ɾ e
serha.wav,şerha ʃ ɛ ɾ h aː
brove.wav,bröve b ɾ œ v e
kirim.wav,kırım k ɯ ɾ ɯ m
ufak.wav,ufak u f a k
mefhum.wav,mefhum m e f h uː m
eyer.wav,eyer e j ɛ ɾ
film.wav,film f i ɫ m
sifre.wav,şifre ʃ i f ɾ e
gabari.wav,gabari ɡ a b a ɾ i
humor.wav,humor h u m o ɾ
vahi.wav,vahi v aː h iː
bayii.wav,bayii b aː j i i
kubur.wav,kubur k u b u ɾ
biyografi.wav,biyografi b i j o ɡ ɾ a f i
egik.wav,eğik e j i k
menfi.wav,menfi m e ŋ f iː
maseri.wav,maşeri m aː ʃ e ɾ iː
vallahi.wav,vallahi v a ɫ ɫ aː h i
fikri.wav,fikri f i k ɾ i
kolye.wav,kolye c oː ɫ j e
masuka.wav,maşuka m aː ʃ uː k a
maarif.wav,maarif m aː ɾ i f
mukarri.wav,mukarri m u k a ɾ ɾ i
seyh.wav,şeyh ʃ e j h
hayhuy.wav,hayhuy h a j h u j
kahir.wav,kahır k a h ɾ
eger.wav,eğer e j ɛ ɾ
haham.wav,haham h a h a m
hiyerarsik.wav,hiyerarşik h i j e ɾ a ɾ ʃ i k
habbe.wav,habbe h a b b e
ig.wav,iğ i j
buy.wav,buy b uː j
serir.wav,şerir ʃ e ɾ iː ɾ
fayrap.wav,fayrap f a j ɾ a p
ulam.wav,ulam u ɫ a m
hippi.wav,hippi h i p p i
kefere.wav,kefere c e f e ɾ e
ekabir.wav,ekabir e k aː b i ɾ
kablo.wav,kablo k a b ɫ o
mulhem.wav,mülhem m y ɫ h ɛ m
ekuri.wav,eküri e c y ɾ i
kurabiye.wav,kurabiye k u ɾ aː b i j e
hokka.wav,hokka h o k k a
mulki.wav,mülki m y ɫ c iː
muhabir.wav,muhabir m u h aː b i ɾ
harakiri.wav,harakiri h a ɾ a c i ɾ i
bahsis.wav,bahşiş b a h ʃ i ʃ
gravur.wav,gravür ɡ ɯ ɾ a v y ɾ
filhakika.wav,filhakika f i ɫ h a c iː k a
bohem.wav,bohem b o h ɛ m
malum.wav,malum m aː ɫ uː m
gaye.wav,gaye ɡ aː j e
baglam.wav,bağlam b aː ɫ a m
halayik.wav,halayık h a ɫ a j ɯ k
kalp.wav,kalp k a ɫ p
serh.wav,şerh ʃ ɛ ɾ h
yivisik.wav,yıvışık j ɯ v ɯ ʃ ɯ k
karabiber.wav,karabiber k a ɾ a b i b ɛ ɾ
makrome.wav,makrome m a k ɾ o m e
miri.wav,mirî m iː ɾ iː
kisla.wav,kışla k ɯ ʃ ɫ a m a k
hakayik.wav,hakayık h a k aː j ɯ k
kuvve.wav,kuvve k u v v e
haybe.wav,haybe h a j b e
sesyek.wav,şeşyek ʃ e ʃ j e k
kebire.wav,kebire c e b iː ɾ e
ablak.wav,ablak a b ɫ a k
harem.wav,harem h a ɾ e m
akvaryum.wav,akvaryum a k v a ɾ j u m
merhem.wav,merhem m ɛ ɾ h ɛ m
mukerrir.wav,mükerrir m y c e ɾ ɾ i ɾ
fikir.wav,fikir f i c i ɾ
var.wav,var v a ɾ a k
gayri.wav,gayrı ɡ a j ɾ ɯ
garpli.wav,garplı ɡ a ɾ p ɫ ɯ
esek.wav,eşek ɛ ʃ ɛ k
kimya.wav,kimya c i m j aː
ussak.wav,uşşak u ʃ ʃ a k
mubesser.wav,mübeşşer m y b ɛ ʃ ʃ ɛ ɾ
guveyi.wav,güveyi ɡ y v e j i
mamure.wav,mamure m aː m uː ɾ e
pa.wav,pa p aː
mukrim.wav,mükrim m y k ɾ i m
emir.wav,emir ɛ m i ɾ
mermer.wav,mermer m ɛ ɾ m ɛ ɾ
ah.wav,ah aː h
yagis.wav,yağış j aː ʃ
jakar.wav,jakar ʒ a k a ɾ
har.wav,har h aː ɾ
akik.wav,akik a c iː k
kuva.wav,kuvâ k u v aː
reybi.wav,reybî ɾ e j b iː
kurye.wav,kurye k u ɾ j e
rehber.wav,rehber ɾ e h b ɛ ɾ
ferik.wav,ferik f ɛ ɾ i k
mukavvi.wav,mukavvi m u k a v v iː
makar.wav,makar m a k a ɾ
balayi.wav,balayı b a ɫ a j ɯ
gumusi.wav,gümüşi ɡ y m yː ʃ iː
ilmiye.wav,ilmiye i ɫ m i j e
mahrek.wav,mahrek m a h ɾ e k
ayyuk.wav,ayyuk a j j uː k
ikame.wav,ikame i k aː m e
kibar.wav,kibar c i b a ɾ
oklava.wav,oklava o k ɫ a v a
musabih.wav,müşabih m y ʃ aː b i h
vakayi.wav,vakayi v a k aː j i
kavim.wav,kavim k a v i m
pasa.wav,paşa p a ʃ a
kiyam.wav,kıyam k ɯ j aː m
rebabi.wav,rebabi ɾ e b aː b iː
iskembe.wav,işkembe i ʃ c ɛ m b e
periferi.wav,periferi p e ɾ i f e ɾ i
muhakeme.wav,muhakeme m u h aː c e m e
agorafobi.wav,agorafobi a ɡ o ɾ a f o b i
serefiye.wav,şerefiye ʃ e ɾ e f i j e
hashas.wav,haşhaş h a ʃ h a ʃ
mekabir.wav,mekabir m e k aː b i ɾ
ufo.wav,ufo u f o
kah.wav,kâh c aː h
yaver.wav,yaver j aː v ɛ ɾ
hamam.wav,hamam h a m a m
beka.wav,beka b e k aː
sevk.wav,şevk ʃ e v k
afife.wav,afife a f iː f e
salak.wav,şalak ʃ a ɫ a k
mesru.wav,meşru m e ʃ ɾ uː
memur.wav,memur m eː m u ɾ
serif.wav,şerif ʃ e ɾ i f
evelallah.wav,evelallah e v e ɫ a ɫ ɫ a h
garami.wav,garami ɡ a ɾ aː m iː
gumrah.wav,gümrah ɡ y m ɾ aː h
yi.wav,yı j ɯː ɫ m a k
vakarli.wav,vakarlı v a k a ɾ ɫ ɯ
vampir.wav,vampir v a m p i ɾ
vuku.wav,vuku v u k uː
garp.wav,garp ɡ a ɾ p
hakli.wav,haklı h a k ɫ ɯ
bagirmak.wav,bağırmak b aː ɾ m a k
firari.wav,firari f i ɾ aː ɾ iː
kubra.wav,kübra c y b ɾ aː
harabi.wav,harabi h a ɾ aː b iː
hapsirik.wav,hapşırık h a p ʃ ɯ ɾ ɯ k
gilligisli.wav,gıllıgışlı ɡ ɯ ɫ ɫ ɯ ɡ ɯ ʃ ɫ ɯ
mahmur.wav,mahmur m a h m uː ɾ
pijama.wav,pijama p i ʒ a m a
musevves.wav,müşevveş m y ʃ e v v e ʃ
hame.wav,hame h aː m e
kimyager.wav,kimyager c i m j aː ɡ ɛ ɾ
mera.wav,mera m e ɾ a
fagfur.wav,fağfur f aː f u ɾ
gurme.wav,gurme ɡ u ɾ m e
ilga.wav,ilga i ɫ ɡ aː
hepyek.wav,hepyek h e p j e k
mubasir.wav,mübaşir m y b aː ʃ i ɾ
muhrik.wav,muhrik m u h ɾ i k
musevvik.wav,müşevvik m y ʃ e v v i k
seker.wav,şeker ʃ e c ɛ ɾ
bekar.wav,bekâr b e k a ɾ
prefabrik.wav,prefabrik p i ɾ e f a b ɾ i k
hakir.wav,hakir h a c iː ɾ
hulya.wav,hülya h y ɫ j aː
evkaf.wav,evkaf e v k aː f
rase.wav,raşe ɾ aː ʃ e
mukim.wav,mukim m u c iː m
seffaf.wav,şeffaf ʃ e f f a f
fahriye.wav,fahriye f a h ɾ i j e
mayi.wav,mayi m aː j iː
afise.wav,afişe a f i ʃ e
abajur.wav,abajur a b a ʒ u ɾ
ayar.wav,ayar a j a ɾ
balgam.wav,balgam b a ɫ ɡ a m
maruf.wav,maruf m aː ɾ u f
furu.wav,füru f y ɾ uː
mefahir.wav,mefahir m e f aː h i ɾ
yevm.wav,yevm j e v m
mavis.wav,maviş m aː v i ʃ
miyar.wav,miyar m i j aː ɾ
evrak.wav,evrak e v ɾ a k
mebrur.wav,mebrur m ɛ b ɾ uː ɾ
ayyar.wav,ayyar a j j aː ɾ
hay.wav,hay hː a j
ummi.wav,ümmi y m m iː
gegirmek.wav,geğirmek ɡ e j i ɾ m e k
ayyas.wav,ayyaş a j j a ʃ
ayrim.wav,ayrım a j ɾ ɯ m
mahseri.wav,mahşeri m a h ʃ e ɾ iː
mubareke.wav,mübareke m y b aː ɾ e c e
hasiv.wav,haşiv h a ʃ i v
kovboy.wav,kovboy k o v b o j
sofor.wav,şoför ʃ o f œ ɾ
perma.wav,perma p ɛ ɾ m a
merkep.wav,merkep m ɛ ɾ c e p
grup.wav,grup ɡ ɾ u p
harabe.wav,harabe h a ɾ aː b e
imge.wav,imge i m ɡ e
ikra.wav,ikra i k ɾ aː
kerre.wav,kerre c e ɾ ɾ ɛ
ihkakihak.wav,ihkakıhak i h k aː k ɯ h a k
yuruyus.wav,yürüyüş j y ɾ y j y ʃ
sesbes.wav,şeşbeş ʃ e ʃ b e ʃ
barok.wav,barok b a ɾ o k
amfora.wav,amfora a m f o ɾ a
bar.wav,bar b aː ɾ
mahfi.wav,mahfi m a h f iː
kirpik.wav,kirpik c i ɾ p i k
salvar.wav,şalvar ʃ a ɫ v a ɾ
bakir.wav,bakir b aː c i ɾ
hare.wav,hare h aː ɾ e
muvaffak.wav,muvaffak m u v a f f a k
kosum.wav,koşum k o ʃ u m
hami.wav,hami h aː m iː
bigah.wav,bigâh b iː ɡ aː h
erk.wav,erk ɛ ɾ k
amma.wav,amma a m m aː
eyvah.wav,eyvah e j v aː h
kislamak.wav,kışlamak k ɯ ʃ ɫ a m a k
perforje.wav,perforje p ɛ ɾ f o ɾ ʒ e
mevhum.wav,mevhum m e v h uː m
surup.wav,şurup ʃ u ɾ u p
asagi.wav,aşağı a ʃ aː
ibrik.wav,ibrik i b ɾ i k
fi.wav,fi f iː
muhakkak.wav,muhakkak m u h a k k a k
murekkep.wav,mürekkep m y ɾ e k c e p
emare.wav,emare e m aː ɾ e
sive.wav,şive ʃ iː v e
serik.wav,şerik ʃ e ɾ iː k
efkar.wav,efkâr e f c aː ɾ
harir.wav,harir h a ɾ iː ɾ
karekok.wav,karekök k a ɾ e c œ k
mukerrem.wav,mükerrem m y c e ɾ ɾ ɛ m
pey.wav,pey p e j
kavsak.wav,kavşak k a v ʃ a k
mahrem.wav,mahrem m a h ɾ ɛ m
makreme.wav,makreme m a k ɾ e m e
fem.wav,fem f ɛ m
karsilik.wav,karşılık k a ɾ ʃ ɯ ɫ ɯ k
hamburger.wav,hamburger h a m b u ɾ ɡ ɛ ɾ
afif.wav,afif a f iː f
ekru.wav,ekru e k ɾ u
ifrag.wav,ifrağ i f ɾ aː
parke.wav,parke p a ɾ c e
palamar.wav,palamar p a ɫ a m a ɾ
havyar.wav,havyar h a v j a ɾ
muhabere.wav,muhabere m u h aː b e ɾ e
geysa.wav,geyşa ɡ e j ʃ a
akim.wav,akim a c iː m
kahkaha.wav,kahkaha k a h k a h a
kari.wav,kari k aː ɾ iː
meshur.wav,meşhur m e ʃ h uː ɾ
kevgir.wav,kevgir c e v ɡ i ɾ
sube.wav,şube ʃ uː b e
ulvi.wav,ulvi uː ɫ v iː
ibham.wav,ibham i b h aː m
refah.wav,refah ɾ e f a h
ibare.wav,ibare i b aː ɾ e
esbah.wav,eşbah e ʃ b aː h
beser.wav,beşer b e ʃ ɛ ɾ
vukuf.wav,vukuf v u k u f
gam.wav,gam ɡ a m
ergimek.wav,ergimek ɛ ɾ ɡ i m e k
peygamber.wav,peygamber p e j ɡ a m b ɛ ɾ
suur.wav,şuur ʃ u u ɾ
ebkem.wav,ebkem e b c ɛ m
huri.wav,huri h uː ɾ iː
igva.wav,iğva iː v aː
karafaki.wav,karafaki k a ɾ a f a c i
asar.wav,aşar aː ʃ aː ɾ
aglamak.wav,ağlamak aː ɫ a m a k
major.wav,majör m a ʒ œ ɾ
ihrama.wav,ihrama i h ɾ aː m a ɡ i ɾ m e k
baska.wav,başka b a ʃ k a
hirbo.wav,hırbo h ɯ ɾ b o
mururiye.wav,müruriye m y ɾ uː ɾ i j e
hosbes.wav,hoşbeş h o ʃ b e ʃ
bros.wav,broş b ɾ o ʃ
havari.wav,havari h a v aː ɾ iː
isik.wav,ışık ɯ ʃ ɯ k
sekva.wav,şekva ʃ e k v aː
muhur.wav,mühür m y h y ɾ
meh.wav,meh m e h
hakem.wav,hakem h a c e m
eyvallahi.wav,eyvallahı e j v a ɫ ɫ aː h ɯ o ɫ m a m a k
okka.wav,okka o k k a
yag.wav,yağ j aː
magmum.wav,mağmum m aː m uː m
savullamak.wav,şavullamak ʃ a v u ɫ ɫ a m a k
sahika.wav,şahika ʃ aː h i k a
kevkeb.wav,kevkeb c e v c e b
isbu.wav,işbu i ʃ b u
pesrev.wav,peşrev p e ʃ ɾ e v
evre.wav,evre e v ɾ e
fevk.wav,fevk f e v k
ki.wav,ki c i b a ɾ
bari.wav,bari b aː ɾ i
mayo.wav,mayo m a j o
beraber.wav,beraber b e ɾ aː b ɛ ɾ
bahar.wav,bahar b a h a ɾ
guruh.wav,güruh ɡ y ɾ uː h
muharip.wav,muharip m u h aː ɾ i p
lamba.wav,lamba ɫ aː m b a
kalbi.wav,kalbî c aː ɫ b iː
kure.wav,küre c y ɾ e
gaf.wav,gaf ɡ a f
pala.wav,pala p a ɫ a
siar.wav,şiar ʃ i a ɾ
orf.wav,örf œ ɾ f
safak.wav,şafak ʃ a f a k
kasagi.wav,kaşağı k a ʃ aː
kafiye.wav,kafiye k aː f i j e
hosmerim.wav,höşmerim h œ ʃ m e ɾ i m
kilibik.wav,kılıbık k ɯ ɫ ɯ b ɯ k
mihr.wav,mihr m i h ɾ
kirba.wav,kırba k ɯ ɾ b a
ufuk.wav,ufuk u f u k
kalker.wav,kalker k a ɫ c ɛ ɾ
kumla.wav,kumla k u m ɫ a
mukarrip.wav,mukarrip m u k a ɾ ɾ i p
maser.wav,maşer m aː ʃ ɛ ɾ
sarabi.wav,şarabi ʃ a ɾ aː b iː
kavmi.wav,kavmî k a v m iː
avam.wav,avam a v a m
muhip.wav,muhip m u h i p
buro.wav,büro b y ɾ o
ahbap.wav,ahbap a h b a p
kukumav.wav,kukumav k u k u m a v k u ʃ u
asure.wav,aşure a ʃ uː ɾ e
vehim.wav,vehim v e h i m
basbug.wav,başbuğ b a ʃ b uː
kulvar.wav,kulvar k u ɫ v a ɾ
gargara.wav,gargara ɡ a ɾ ɡ a ɾ a
ugrak.wav,uğrak uː ɾ a k
rah.wav,rah ɾ aː h
abla.wav,abla a b ɫ a
veba.wav,veba v e b aː
varos.wav,varoş v a ɾ o ʃ
kibriya.wav,kibriya c i b ɾ i j aː
kem.wav,kem c ɛ m
gures.wav,güreş ɡ y ɾ e ʃ
per.wav,per p ɛ ɾ
barem.wav,barem b a ɾ e m
peri.wav,peri p e ɾ i
fahis.wav,fahiş f aː h i ʃ
fahir.wav,fahir f aː h i ɾ
sorolop.wav,şorolop ʃ o ɾ o ɫ o p
riba.wav,riba ɾ i b aː
imame.wav,imame i m aː m e
ayak.wav,ayak a j a k
er.wav,er ɛ ɾ
mafevk.wav,mafevk m aː f e v k
basmuharrir.wav,başmuharrir b a ʃ m u h a ɾ ɾ i ɾ
bayi.wav,bayi b aː j i
soke.wav,şoke ʃ o c e
hareke.wav,hareke h a ɾ e c e
sifahi.wav,şifahi ʃ i f aː h iː
hukum.wav,hüküm h y c y m
fark.wav,fark f a ɾ k
ker.wav,ker c ɛ ɾ
kes.wav,keş c e ʃ
mebruk.wav,mebruk m e b ɾ uː k
hiyerarsi.wav,hiyerarşi h i j e ɾ a ɾ ʃ i
yeke.wav,yeke j e c e
fakih.wav,fakih f a c iː h
hus.wav,huş h u ʃ
kamber.wav,kamber k a m b ɛ ɾ
hur.wav,hür h y ɾ
seref.wav,şeref ʃ ɛ ɾ ɛ f
garip.wav,garip ɡ a ɾ i p
suyu.wav,şüyu ʃ y j uː
kavafiye.wav,kavafiye k a v aː f i j e
mermi.wav,mermi m ɛ ɾ m i
mense.wav,menşe m e ŋ ʃ eː
merre.wav,merre m ɛ ɾ ɾ e
para.wav,para p aː ɾ a
sarjor.wav,şarjör ʃ a ɾ ʒ œ ɾ
joker.wav,joker ʒ o c ɛ ɾ
yavsak.wav,yavşak j a v ʃ a k
haki.wav,hâkî h aː c iː
hafiye.wav,hafiye h a f i j e
muphem.wav,müphem m y p h ɛ m
hamlamak.wav,hamlamak h a m ɫ a m a k
behre.wav,behre b e h ɾ e
samama.wav,şamama ʃ a m a m a
bag.wav,bağ b aː
yalapsap.wav,yalapşap j a ɫ a p ʃ a p
baha.wav,baha b a h aː
parkur.wav,parkur p a ɾ k u ɾ
ferah.wav,ferah f e ɾ aː h
emmi.wav,emmi e m m i
mahiye.wav,mahiye m aː h i j e
buharlasma.wav,buharlaşma b u h a ɾ ɫ a ʃ m a
fer.wav,fer f ɛ ɾ
egri.wav,eğri e j ɾ i
viraj.wav,viraj v i ɾ a ʒ
kafe.wav,kafe k a f e
muhayyer_.wav,muhayyer m u h a j j ɛ ɾ
ihbar.wav,ihbar i h b aː ɾ
muverrih.wav,müverrih m y v e ɾ ɾ i h
harim.wav,harim h a ɾ iː m
valf.wav,valf v a ɫ f
mukerrer.wav,mükerrer m y c e ɾ ɾ ɛ ɾ
kivam.wav,kıvam k ɯ v a m
alarga.wav,alarga a ɫ a ɾ ɡ a
sura.wav,şura ʃ u ɾ a
karar.wav,karar k aː ɾ a ɾ
repo.wav,repo ɾ e p o
kabir.wav,kabir k a b i ɾ
farika.wav,farika f aː ɾ i k a
mubessir.wav,mübeşşir m y b e ʃ ʃ i ɾ
kameri.wav,kamerî k a m e ɾ iː
sehevi.wav,şehevi ʃ e h e v iː
kurulu.wav,kurulu k u ɾ u ɫ u ʃ
baklava.wav,baklava b a k ɫ a v a
hemsire.wav,hemşire h e m ʃ iː ɾ e
uygar.wav,uygar u j ɡ a ɾ
huvelbaki.wav,hüvelbaki h y v ɛ ɫ b aː c iː
bulug.wav,büluğ b y ɫ uː
egim.wav,eğim e j i m
maraba.wav,maraba m a ɾ a b a
ey.wav,ey e j
serike.wav,şerike ʃ e ɾ iː c e
mamafih.wav,mamafih m aː m aː f i h
beher.wav,beher b e h ɛ ɾ
hakkiyla.wav,hakkıyla h a k k ɯ j ɫ a
afaki.wav,afaki aː f aː c iː
karyola.wav,karyola k a ɾ j o ɫ a
gar.wav,gar ɡ a ɾ
hayirperver.wav,hayırperver h a j ɯ ɾ p ɛ ɾ v ɛ ɾ
mumya.wav,mumya m u m j a
hafi.wav,hafi h a f iː
sifa.wav,şifa ʃ i f aː
peyapey.wav,peyapey p e j aː p e j
amber.wav,amber a m b ɛ ɾ
perukar.wav,perukar p e ɾ u k aː ɾ
sakrak.wav,şakrak ʃ a k ɾ a k
kamer.wav,kamer k a m ɛ ɾ
mayhos.wav,mayhoş m a j h o ʃ
maglup.wav,mağlup m aː ɫ uː p
kilik.wav,kılık k ɯ ɫ ɯ k
biri.wav,biri b i ɾ i m
yas.wav,yaş j a ʃ
palmiye.wav,palmiye p aː ɫ m i j e
yarasmak.wav,yaraşmak j a ɾ a ʃ m a k
yar.wav,yâr j a ɾ
iyi.wav,iyi i j i
vasak.wav,vaşak v a ʃ a k
yarligamak.wav,yarlıgamak j a ɾ ɫ ɯ ɡ a m a k
rafya.wav,rafya ɾ a f j a
ayip.wav,ayıp a j ɯ p
mihver.wav,mihver m i h v ɛ ɾ
vaka.wav,vaka v a k a
kiragi.wav,kırağı k ɯ ɾ aː
bakaya.wav,bakaya b a k aː j aː
emaye.wav,emaye e m aː j e
ulak.wav,ulak u ɫ a k
menfur.wav,menfur m ɛ ŋ f u ɾ
muhkem.wav,muhkem m u h c ɛ m
ehem.wav,ehem e h ɛ m
ahu.wav,ahu aː h uː
jokey.wav,jokey ʒ o c e j
esraf.wav,eşraf e ʃ ɾ aː f
hempa.wav,hempa h e m p aː
verev.wav,verev v e ɾ e v
paye.wav,paye p aː j e
ru.wav,ru ɾ uː
guru.wav,guru ɡ u ɾ u
kraker.wav,kraker k ɯ ɾ a c ɛ ɾ
halka.wav,halka h a ɫ k a
sehir.wav,şehir ʃ e h i ɾ
erek.wav,erek e ɾ e k
muharrik.wav,muharrik m u h a ɾ ɾ i k
huma.wav,hüma h y m aː
gabi.wav,gabi ɡ a b iː
kesif.wav,keşif c e ʃ i f
yek.wav,yek j e k aː j e k
eyvallah.wav,eyvallah e j v a ɫ ɫ a h
karis.wav,karış k a ɾ ɯ ʃ ɯ k
vakfiye.wav,vakfiye v a k f i j e
paraf.wav,paraf p a ɾ a f
ayakkabi.wav,ayakkabı a j a k k a b ɯ
sallak.wav,şallak ʃ a ɫ ɫ a k
buhar.wav,buhar b u h a ɾ
overlok.wav,overlok o v ɛ ɾ ɫ o k
vakum.wav,vakum v a k u m
koruk.wav,körük c œ ɾ y k
sukur.wav,şükür ʃ y c y ɾ
vapur.wav,vapur v a p u ɾ
bibehre.wav,bibehre b iː b e h ɾ e
rebap.wav,rebap ɾ e b aː p
mavera.wav,mavera m aː v e ɾ aː
eksi.wav,ekşi e k ʃ i
kufur.wav,küfür c y f y ɾ
yaprak.wav,yaprak j a p a k
hasere.wav,haşere h a ʃ e ɾ e
haram.wav,haram h a ɾ a m
kaplumbaga.wav,kaplumbağa k a p ɫ u m b aː
mahur.wav,mahur m aː h u ɾ
fak.wav,fak f a k
giyim.wav,giyim ɡ i j i m
abi.wav,abi aː b iː
ebrulu.wav,ebrulu e b ɾ uː ɫ u
lahuri.wav,lahuri ɫ aː h uː ɾ iː
esya.wav,eşya e ʃ j aː
sem.wav,şem ʃ ɛ m
her.wav,her h ɛ ɾ
mesrep.wav,meşrep m e ʃ ɾ e p
ege.wav,eğe e j e
kura.wav,kura k u ɾ aː
ur.wav,ur u ɾ
merak.wav,merak m e ɾ a k
umera.wav,ümera y m e ɾ aː
muharrer.wav,muharrer m u h a ɾ ɾ ɛ ɾ
yavas.wav,yavaş j a v a ʃ
reaya.wav,reaya ɾ e aː j aː
gorus.wav,görüş ɡ œ ɾ y ʃ
mukavim.wav,mukavim m u k aː v i m
hekim.wav,hekim h e c i m
mukavva.wav,mukavva m u k a v v aː
agyar.wav,ağyar aː j aː ɾ
bakiye.wav,bakiye b a c i j e
muferrih.wav,müferrih m y f ɛ ɾ ɾ i h
hibe.wav,hibe h i b e
ram.wav,ram ɾ aː m
yalabik.wav,yalabık j a ɫ a b ɯ k
kurmak.wav,kurmak k u ɾ m a k
sasaa.wav,şaşaa ʃ aː ʃ aː
ars.wav,arş a ɾ ʃ
sair.wav,şair ʃ aː i ɾ
hara.wav,hara h aː ɾ aː
bagimli.wav,bağımlı b aː m ɫ ɯ
vahsi.wav,vahşi v a h ʃ iː
firka.wav,fırka f ɯ ɾ k a
beriberi.wav,beriberi b e ɾ i b e ɾ i
mahya.wav,mahya m a h j a
ervah.wav,ervah ɛ ɾ v aː h
rakik.wav,rakik ɾ a c iː k
vey.wav,vey v eː j
yekpare.wav,yekpare j e k p aː ɾ e
kesmekes.wav,keşmekeş c e ʃ m e c e ʃ
gulbeseker.wav,gülbeşeker ɡ y ɫ b ɛ ʃ e c ɛ ɾ
hemfikir.wav,hemfikir h e m f i c i ɾ
fiski.wav,fışkı f ɯ ʃ k ɯ
program.wav,program p ɾ o ɡ ɾ a m
mahi.wav,mahi m aː h i
karisik.wav,karışık k a ɾ ɯ ʃ ɯ k
orfi.wav,örfi œ ɾ f iː
kifaf.wav,kifaf c i f aː f
gayrimesru.wav,gayrimeşru ɡ a j ɾ i m e ʃ ɾ uː
kefiye.wav,kefiye c e f i j e
ima.wav,ima iː m aː
mureffeh.wav,müreffeh m y ɾ e f f e h
sebeke.wav,şebeke ʃ e b e c e
humbara.wav,humbara h u m b a ɾ a
verem.wav,verem v e ɾ ɛ m
ya.wav,ya j aː
guya.wav,güya ɡ yː j aː
ru_be_ru.wav,ru-be-ru ɾ uː b e ɾ uː
muhbir.wav,muhbir m u h b i ɾ
havi.wav,havi h aː v iː
burjuva.wav,burjuva b u ɾ ʒ u v a
yaba.wav,yaba j a b a
laf.wav,laf ɫ aː f
hukumferma.wav,hükümferma h y c y m f ɛ ɾ m aː
muhayyer.wav,muhayyer m u h a j j ɛ ɾ
rahip.wav,rahip ɾ aː h i p
ihya.wav,ihya i h j aː
juri.wav,jüri ʒ y ɾ i
mukaffa.wav,mukaffa m u k a f f aː
muhavere.wav,muhavere m u h aː v e ɾ e
amme.wav,amme a m m e
hashasiye.wav,haşhaşiye h a ʃ h aː ʃ i j e
kimyevi.wav,kimyevi c i m j e v iː
igrip.wav,ığrıp ɯː ɾ ɯ p
kama.wav,kama k a m a
kahhar.wav,kahhar k a h h aː ɾ
yaylak.wav,yaylak j a j ɫ a k
ibka.wav,ibka i b k aː
harbi.wav,harbî h a ɾ b i
merhaba.wav,merhaba m ɛ ɾ h a b aː
permi.wav,permi p ɛ ɾ m i
mugber.wav,muğber m uː b ɛ ɾ
hokey.wav,hokey h o c e j
murabba.wav,murabba m u ɾ a b b aː
hub.wav,hub h uː b
yagmur.wav,yağmur j aː m u ɾ
mubah.wav,mübah m y b a h
reva.wav,reva ɾ e v aː
asermek.wav,aşermek a ʃ ɛ ɾ m e k
maya.wav,maya m a j a
ruam.wav,ruam ɾ u a m
bihaya.wav,bihaya b iː h a j aː
rayiha.wav,rayiha ɾ aː j i h a
gah.wav,gâh ɡ aː h
husu.wav,huşu h u ʃ uː
mubarek.wav,mübarek m y b aː ɾ e k
bilumum.wav,bilumum b i ɫ u m u m
balya.wav,balya b a ɫ j a
kak.wav,kak k a k
ahir.wav,ahir aː h i ɾ
evrek.wav,evrek e v ɾ e k
elhak.wav,elhak e ɫ h aː k
kurevi.wav,kürevi c y ɾ e v iː
bikarar.wav,bikarar b iː k a ɾ a ɾ
peskir.wav,peşkir p e ʃ c i ɾ
akraba.wav,akraba a k ɾ a b aː
savk.wav,şavk ʃ a v k
parmak.wav,parmak p a ɾ m a k
musavir.wav,müşavir m y ʃ aː v i ɾ
gayur.wav,gayur ɡ a j uː ɾ
fare.wav,fare f aː ɾ e
hala.wav,hâlâ h a ɫ a
sise.wav,şişe ʃ i ʃ e
heva.wav,heva h e v aː
uyruk.wav,uyruk u j ɾ u k
mavi.wav,mavi m aː v i
erkam.wav,erkam ɛ ɾ k aː m
murakabe.wav,murakabe m u ɾ aː k a b e
firar.wav,firar f i ɾ aː ɾ
besus.wav,beşuş b e ʃ uː ʃ
ray.wav,ray ɾ a j
magfur.wav,mağfur m aː f u ɾ
ugur.wav,uğur uː ɾ
mahrum.wav,mahrum m a h ɾ u m
hurafe.wav,hurafe h u ɾ aː f e
simsir.wav,şimşir ʃ i m ʃ i ɾ
bol.wav,bol b oː ɫ ʃ e v i k
pak.wav,pak p aː kː
miralay.wav,miralay m i ɾ a ɫ a j
rakibe.wav,rakibe ɾ a c iː b e
mimari.wav,mimari m iː m aː ɾ iː
kemha.wav,kemha c e m h aː
romork.wav,römork ɾ œ m o ɾ k
ugru.wav,uğru uː ɾ u
mey.wav,mey m e j
simsek.wav,şimşek ʃ i m ʃ e k
kupur.wav,kupür k u p y ɾ
yare.wav,yare j aː ɾ e
prova.wav,prova p ɾ o v a
imrahor.wav,imrahor i m ɾ a h o ɾ
ragbi.wav,ragbi ɾ a ɡ b i
ferag.wav,ferağ f e ɾ aː
umumi.wav,umumi u m uː m iː
kagsamak.wav,kağşamak k aː ʃ a m a k
folklor.wav,folklor f o ɫ k ɫ o ɾ
vamp.wav,vamp v a m p
amir.wav,amir aː m i ɾ
ismar.wav,işmar i ʃ m a ɾ
ravi.wav,ravi ɾ aː v iː
hukmi.wav,hükmi h y k m iː
meraki.wav,meraki m e ɾ aː c iː
hemayar.wav,hemayar h e m a j a ɾ
kesis.wav,keşiş c e ʃ i ʃ
siir.wav,şiir ʃ iː ɾ
sebap.wav,şebap ʃ e b aː p
erbap.wav,erbap ɛ ɾ b aː p
varaka.wav,varaka v a ɾ a k a
alfabe.wav,alfabe aː ɫ f a b e
harami.wav,harami h a ɾ aː m iː
reha.wav,reha ɾ e h aː
hahambasi.wav,hahambaşı h a h a m b a ʃ ɯ
ilham.wav,ilham i ɫ h aː m
bahir.wav,bahir b a h i ɾ
kugu.wav,kuğu k uː
uyluk.wav,uyluk u j ɫ u k c e m iː
imaj.wav,imaj i m a ʒ
rukus.wav,rüküş ɾ y c y ʃ
ifa.wav,ifa iː f aː
heybe.wav,heybe h e j b e
masriki.wav,maşrıki m a ʃ ɾ ɯː c iː
maslah.wav,maşlah m a ʃ ɫ a h
muhakkik.wav,muhakkik m u h a k c i k
vaha.wav,vaha v aː h a
opera.wav,opera o p e ɾ a
mefrus.wav,mefruş m e f ɾ u ʃ
ilke.wav,ilke i ɫ c e
vallaha.wav,vallaha v a ɫ ɫ a h a
evamir.wav,evamir e v aː m i ɾ
emrivaki.wav,emrivaki e m ɾ i v aː c iː
kargi.wav,kargı k a ɾ ɡ ɯ
buhurumeryem.wav,buhurumeryem b u h uː ɾ u m ɛ ɾ j ɛ m
gurur.wav,gurur ɡ u ɾ u ɾ
ser.wav,şer ʃ ɛ ɾ
puhu.wav,puhu p u h u
igbirar.wav,iğbirar iː b i ɾ aː ɾ
ihmirar.wav,ihmirar i h m i ɾ aː ɾ
ses.wav,şeş ʃ e ʃ
fug.wav,füg f y ɡ
hafifmesrep.wav,hafifmeşrep h a f i f m e ʃ ɾ e p
hem.wav,hem h e m
refuj.wav,refüj ɾ e f y ʒ
bir.wav,bir b i ɾ
suh.wav,şuh ʃ u h
hemseri.wav,hemşeri h e m ʃ e ɾ i
keyfi.wav,keyfî c e j f iː
gulbahar.wav,gülbahar ɡ y ɫ b a h aː ɾ
reyb.wav,reyb ɾ e j b
ibrisim.wav,ibrişim i b ɾ i ʃ i m
merhume.wav,merhume m ɛ ɾ h uː m e
bakire.wav,bakire b aː c i ɾ e
halk.wav,halk h a ɫ k
amigo.wav,amigo a m iː ɡ o
kamu.wav,kamu k a m u
riya.wav,riya ɾ i j aː
uylasim.wav,uylaşım u j ɫ a ʃ ɯ m
eyyam_i.wav,eyyam-ı e j j aː m ɯ b a h aː ɾ
muhik.wav,muhik m u h i k
meger.wav,meğer m e j ɛ ɾ
ama.wav,âmâ a m a
yevmiye.wav,yevmiye j e v m i j e
meyhos.wav,meyhoş m e j h o ʃ
gayya.wav,gayya ɡ a j j aː
rumba.wav,rumba ɾ u m b a
kahya.wav,kâhya c aː h j aː
hakime.wav,hâkime h aː c i m e
elyaf.wav,elyaf e ɫ j a f
kebap.wav,kebap c e b a p
mugayir.wav,mugayir m u ɡ aː j i ɾ
ebrar.wav,ebrar e b ɾ aː ɾ
bek.wav,bek b e k
keske.wav,keşke c e ʃ c e
sike.wav,şike ʃ i c e
agirlamak.wav,ağırlamak aː ɾ ɫ a m a k
pare.wav,pare p aː ɾ e
mahbube.wav,mahbube m a h b uː b e
hayme.wav,hayme h a j m e
haklamak.wav,haklamak h a k ɫ a m a k
vakur.wav,vakur v a k uː ɾ
mehir.wav,mehir m e h i ɾ
gama.wav,gama ɡ a m a
alabora.wav,alabora a ɫ a b o ɾ a
mensur.wav,menşur m e ŋ ʃ uː ɾ
bugu.wav,buğu b uː
mamur.wav,mamur m aː m u ɾ
musrik.wav,müşrik m y ʃ ɾ i k
irmik.wav,irmik i ɾ m i k
ramak.wav,ramak ɾ a m a k
mevkuf.wav,mevkuf m e v k uː f
fikra.wav,fıkra f ɯ k ɾ a
fevkalbeser.wav,fevkalbeşer f e v c aː ɫ b e ʃ ɛ ɾ
bihus.wav,bihuş b iː h uː ʃ
ihram.wav,ihram i h ɾ a m
bab.wav,bab b aː b
yevmi.wav,yevmi j e v m iː
mukarrer.wav,mukarrer m u k a ɾ ɾ ɛ ɾ
mufahir.wav,müfahir m y f aː h i ɾ
agir.wav,ağır aː ɾ
yemek.wav,yemek j e m e k
sebboy.wav,şebboy ʃ e b b o j
ar.wav,ar aː ɾ
bariyer.wav,bariyer b a ɾ i j ɛ ɾ
ikram.wav,ikram i k ɾ aː m
evham.wav,evham e v h aː m
guher.wav,güher ɡ y h ɛ ɾ
gey.wav,gey ɡ e j
ihlamak.wav,ıhlamak ɯ h ɫ a m a k
proje.wav,proje p ɾ o ʒ e
muhayyir.wav,muhayyir m u h a j j i ɾ
buyuk.wav,büyük b y j y k
komi.wav,komi k o m i
kurbaga.wav,kurbağa k u ɾ b aː
mekruh.wav,mekruh m ɛ k ɾ uː h
kessaf.wav,keşşaf c e ʃ ʃ aː f
bulasik.wav,bulaşık b u ɫ a ʃ ɯ k
bimar.wav,bimar b iː m aː ɾ
havai.wav,havai h a v aː iː
kar.wav,kâr k a ɾ
olmus.wav,olmuş o ɫ m u ʃ
vikaye.wav,vikaye v i k aː j e
kirve.wav,kirve c i ɾ v e
kuffar.wav,küffar c y f f aː ɾ
mahkeme.wav,mahkeme m a h c e m e
keskek.wav,keşkek c e ʃ c e k
ibra.wav,ibra i b ɾ aː
ilk.wav,ilk i ɫ k
yagma.wav,yağma j aː m a
gorkem.wav,görkem ɡ œ ɾ c ɛ m
irki.wav,ırki ɯ ɾ c iː
aga.wav,ağa aː
eko.wav,eko e k o
gaybi.wav,gaybi ɡ a j b iː
karahumma.wav,karahumma k a ɾ a h u m m aː
murur.wav,mürur m y ɾ uː ɾ
eyyam.wav,eyyam e j j aː m
abiye.wav,abiye a b i j e
merhum.wav,merhum m ɛ ɾ h uː m
afak.wav,afak aː f aː k
ragip.wav,ragıp ɾ aː ɡ ɯ p
beri.wav,beri b e ɾ i
mafis.wav,mafiş m aː f i ʃ
yayimlamak.wav,yayımlamak j a j ɯ m ɫ a m a k
buhur.wav,buhur b u h uː ɾ
humar.wav,humar h u m aː ɾ
kumpir.wav,kumpir k u m p i ɾ
bumbar.wav,bumbar b u m b a ɾ
bivefa.wav,bivefa b iː v e f aː
maas.wav,maaş m aː ʃ
kelam.wav,kelam c e ɫ aː m
berhava.wav,berhava b ɛ ɾ h a v aː
berjer.wav,berjer b ɛ ɾ ʒ ɛ ɾ
ilhak.wav,ilhak i ɫ h aː k
sopar.wav,şopar ʃ o p a ɾ
imam.wav,imam i m a m
grafiker.wav,grafiker ɡ ɯ ɾ a f i c ɛ ɾ
jakarli.wav,jakarlı ʒ a k a ɾ ɫ ɯ
yular.wav,yular j u ɫ a ɾ
kavaf.wav,kavaf k a v a f
ebru.wav,ebru e b ɾ uː
mehari.wav,mehari m e h aː ɾ iː
ambargo.wav,ambargo a m b a ɾ ɡ o
krema.wav,krema k ɯ ɾ e m a
efe.wav,efe e f e
kira.wav,kira c i ɾ aː
geyik.wav,geyik ɡ e j i k
ovgu.wav,övgü œ v ɡ y
sakayik.wav,şakayık ʃ a k aː j ɯ k
fikih.wav,fıkıh f ɯ k ɯ h
agora.wav,agora a ɡ o ɾ a
keski.wav,keşki c e ʃ c i
grev.wav,grev ɡ ɯ ɾ e v
bala.wav,balâ b a ɫ a
hak_i.wav,hak-i h aː c i p aː j
kargo.wav,kargo k a ɾ ɡ o
belki.wav,belki b e ɫ c i
olmak.wav,olmak o ɫ m a k
peyam.wav,peyam p e j aː m
heyamola.wav,heyamola h e j a m o ɫ a
fava.wav,fava f a v a
hayirhah.wav,hayırhah h a j ɯ ɾ h aː h
ibram.wav,ibram i b ɾ aː m
vahim.wav,vahim v a h i m
fikara.wav,fıkara f ɯ k a ɾ aː
ihbari.wav,ihbari i h b aː ɾ iː
ikab.wav,ikab i k aː b
yarim.wav,yarım j a ɾ ɯ m
muhrip.wav,muhrip m u h ɾ i p
migfer.wav,miğfer m iː f ɛ ɾ
humma.wav,humma h u m m aː
mevki.wav,mevki m e v c iː
isari.wav,işari i ʃ aː ɾ iː o j
farig.wav,fariğ f aː ɾ iː
hab.wav,hab h aː b
mahser.wav,mahşer m a h ʃ ɛ ɾ
hasa.wav,haşa h aː ʃ aː
bilge.wav,bilge b i ɫ ɡ e
muhim.wav,mühim m y h i m
serefe.wav,şerefe ʃ e ɾ e f ɛ
mahkum.wav,mahkûm m a h k uː m
hekimbasi.wav,hekimbaşı h e c i m b a ʃ ɯ
fehva.wav,fehva f e h v aː
musir.wav,müşir m y ʃ iː ɾ
oba.wav,oba o b a
kamera.wav,kamera k a m e ɾ a
fehim.wav,fehim f e h i m
peyk.wav,peyk p e j k
ihlamur.wav,ıhlamur ɯ h ɫ a m u ɾ
emrihak.wav,emrihak e m ɾ i h a k
halbuki.wav,hâlbuki h aː ɫ b u c i
sarap.wav,şarap ʃ a ɾ a p
kusayis.wav,küşayiş c y ʃ aː j i ʃ
varak.wav,varak v a ɾ a k
yer.wav,yer j ɛ ɾ
fahur.wav,fahur f a h uː ɾ
murebbiye.wav,mürebbiye m y ɾ e b b i j e
muharrir.wav,muharrir m u h a ɾ ɾ i ɾ
kumkuma.wav,kumkuma k u m k u m a
ukba.wav,ukba u k b aː
hiyar.wav,hıyar h ɯ j a ɾ
esarp.wav,eşarp e ʃ a ɾ p
rahibe.wav,rahibe ɾ aː h i b e
hayalperver.wav,hayalperver h a j aː ɫ p ɛ ɾ v ɛ ɾ
mahbup.wav,mahbup m a h b uː p
gureba.wav,gureba ɡ u ɾ e b aː
ipham.wav,ipham i p h aː m
kibir.wav,kibir c i b i ɾ
vaki.wav,vaki v aː c iː
ma.wav,ma m aː
araf.wav,araf aː ɾ aː f
murakip.wav,murakıp m u ɾ aː k ɯ p
fevri.wav,fevri f e v ɾ iː
pembe.wav,pembe p ɛ m b e
esref.wav,eşref e ʃ ɾ e f
mesbu.wav,meşbu m e ʃ b uː
bombe.wav,bombe b o m b e
ve.wav,ve v e b aː
bagislamak.wav,bağışlamak b aː ʃ ɫ a m a k
hamallik.wav,hamallık h a m a ɫ ɫ ɯ k
favori.wav,favori f a v o ɾ i
farfara.wav,farfara f a ɾ f a ɾ a
suphe.wav,şüphe ʃ y p h e
borek.wav,börek b œ ɾ e k
hamis.wav,hamiş h aː m i ʃ
kavlak.wav,kavlak k a v ɫ a k
saire.wav,şaire ʃ aː i ɾ e
ira.wav,ıra ɯ ɾ a
kefe.wav,kefe c e f e
oge.wav,öge œ ɡ e
kerih.wav,kerih c e ɾ iː h
giyabi.wav,gıyabi ɡ ɯ j aː b iː
uhrevi.wav,uhrevi u h ɾ e v iː
irkilmek.wav,irkilmek i ɾ c i ɫ m e k
masrapa.wav,maşrapa m a ʃ ɾ a p a
hikemi.wav,hikemî h i c e m iː
sekerpare.wav,şekerpare ʃ e c ɛ ɾ p aː ɾ e
falaka.wav,falaka f a ɫ a k a
masallah.wav,maşallah m aː ʃ a ɫ ɫ a h
aykiri.wav,aykırı a j k ɯ ɾ ɯ
isve.wav,işve i ʃ v e
hukuki.wav,hukuki h u k uː c iː
sir.wav,şir ʃ iː ɾ
mubayaa.wav,mübayaa m y b aː j a a
berrak.wav,berrak b ɛ ɾ ɾ a k
mulk.wav,mülk m y ɫ k
hakiki.wav,hakiki h a c iː c iː
romorkor.wav,römorkör ɾ œ m o ɾ c œ ɾ
sek.wav,şek ʃ e k
ibrar.wav,ibrar i b ɾ aː ɾ
kavi.wav,kavi k a v iː
berber.wav,berber b ɛ ɾ b ɛ ɾ
memure.wav,memure m eː m u ɾ e
kilk.wav,kilk c i ɫ k
hammami.wav,hammami h a m m aː m iː
perva.wav,perva p ɛ ɾ v aː
kemre.wav,kemre c ɛ m ɾ e
keyif.wav,keyif c e j i f
mesayih.wav,meşayih m e ʃ aː j i h
bakla.wav,bakla b a k ɫ a
sikemperver.wav,şikemperver ʃ i c ɛ m p ɛ ɾ v ɛ ɾ
muvafik.wav,muvafık m u v aː f ɯ k
imbik.wav,imbik i m b i k
mir.wav,mir m iː ɾ
gusa.wav,guşa ɡ u ʃ a
gevher.wav,gevher ɡ e v h ɛ ɾ
masuk.wav,maşuk m aː ʃ u k
herif.wav,herif h e ɾ i f
haber.wav,haber h a b ɛ ɾ
saki.wav,şaki ʃ a c iː
ag.wav,ağ aː
arife.wav,arife a ɾ i f ɛ
heba.wav,heba h e b aː
hasis.wav,haşiş h a ʃ iː ʃ
filvaki.wav,filvaki f i ɫ v aː c iː
harbe.wav,harbe h a ɾ b e
kehribar.wav,kehribar c e h ɾ i b a ɾ
barbeku.wav,barbekü b a ɾ b e c y
ehram.wav,ehram e h ɾ a m
kara.wav,kara k a ɾ a
mulga.wav,mülga m y ɫ ɡ aː
kerrake.wav,kerrake c ɛ ɾ ɾ a c e
ilmi.wav,ilmî i ɫ m iː
parola.wav,parola p a ɾ o ɫ a
galos.wav,galoş ɡ a ɫ o ʃ
furumaye.wav,fürumaye f y ɾ uː m aː j e
hayy.wav,hayy h a j j
oje.wav,oje o ʒ e
gok.wav,gök ɡ œ k
omur.wav,ömür œ m y ɾ
muakkip.wav,muakkip m u a k c i p
helva.wav,helva h e ɫ v a
hoppa.wav,hoppa h o p p a
harf.wav,harf h aː ɾ f
ruya.wav,rüya ɾ y j aː
sayak.wav,şayak ʃ a j a k
vakar.wav,vakar v a k aː ɾ
bekri.wav,bekri b e k ɾ iː
ala.wav,âlâ a ɫ a
kambiyo.wav,kambiyo k a m b i j o
kabul.wav,kabul k a b uː ɫː
kamelya.wav,kamelya k a m e ɫ j a
sarki.wav,şarkı ʃ a ɾ k ɯ
gramer.wav,gramer ɡ ɯ ɾ a m ɛ ɾ
baga.wav,bağa b aː a
ibibik.wav,ibibik i b i b i k
ferahi.wav,ferahi f e ɾ aː h iː
peskes.wav,peşkeş p e ʃ c e ʃ
saryo.wav,şaryo ʃ a ɾ j o
hos.wav,hoş h o ʃ
hor.wav,hor h o ɾ
imar.wav,imar iː m aː ɾ
irk.wav,ırk ɯ ɾ k
kariyer.wav,kariyer k a ɾ i j ɛ ɾ
umum.wav,umum u m u m
mimik.wav,mimik m i m i k
muharebe.wav,muharebe m u h aː ɾ e b e
bey.wav,bey b e j
mah.wav,mah m aː h
karye.wav,karye k a ɾ j e
kesik.wav,keşik c e ʃ i k
baglama.wav,bağlama b aː ɫ a m a
firak.wav,firak f i ɾ aː k
posu.wav,poşu p o ʃ u
yigilmak.wav,yığılmak j ɯː ɫ m a k
iham.wav,iham iː h aː m
ekmek.wav,ekmek ɛ k m ɛ k
isar.wav,işar i ʃ aː ɾ
aya.wav,aya a j a
lokma.wav,lokma ɫ oː k m a
oreke.wav,öreke œ ɾ e c e
paha.wav,paha p a h a
sah.wav,şah ʃ aː h
yavuklu.wav,yavuklu j a v u k ɫ u
ilmuhaber.wav,ilmühaber i ɫ m y h a b ɛ ɾ
hariri.wav,hariri h a ɾ iː ɾ iː
sehriye.wav,şehriye ʃ e h ɾ i j e
ikrar.wav,ikrar i k ɾ aː ɾ
masrik.wav,maşrık m a ʃ ɾ ɯ k
asik.wav,âşık a ʃ ɯ k
karsi.wav,karşı k a ɾ ʃ ɯ
ekber.wav,ekber e k b ɛ ɾ
kariha.wav,kariha k a ɾ iː h a
yok.wav,yok j o k ɫ u k
kam.wav,kâm k aː m
osur.wav,öşür œ ʃ y ɾ
garibe.wav,garibe ɡ a ɾ iː b e
vefa.wav,vefa v e f aː
bagli.wav,bağlı b aː ɫ ɯ
haraso.wav,haraşo h a ɾ a ʃ o
muarefe.wav,muarefe m u aː ɾ e f e
kebir.wav,kebir c e b iː ɾ
mihrap.wav,mihrap m i h ɾ aː p
uveyik.wav,üveyik y v e j i k
memba.wav,memba m e m b aː
musavere.wav,müşavere m y ʃ aː v e ɾ e
vahiy.wav,vahiy v a h i j
gavur.wav,gâvur ɡ aː v u ɾ
